{
    "loss": 740.8779907226562,
    "accuracy": 0.5356695652008057
}