{
    "loss": 0.8314944505691528,
    "accuracy": 0.9082241058349609
}